<?xml version="1.0" encoding="ISO-8859-1" ?>
<!DOCTYPE tiles-definitions PUBLIC
       "-//Apache Software Foundation//DTD Tiles Configuration 3.0//EN"
       "http://tiles.apache.org/dtds/tiles-config_3_0.dtd">
<tiles-definitions>

	<!-- WEB-INF -->
	
	<definition name="base.definition" template="/WEB-INF/layout/template.jsp">
		<put-attribute name="title" value="Spring Web MVC with Tiles 3" />
		<put-attribute name="header" value="" />
		<put-attribute name="sidebar" value="" />
		<put-attribute name="body" value="" />
		<put-attribute name="footer" value="" />
		<put-list-attribute name="stylesheets">		 
			<add-attribute value="css/style.css" />
			<add-attribute value="css/common.css" />
		</put-list-attribute>
		<put-list-attribute name="javascripts">		 
			<add-attribute value="js/common.js" />
		</put-list-attribute>
	</definition>
	
		<definition name="hitresponce" extends="base.definition">
		<put-attribute name="title" value="HitResponse" />
		<put-attribute name="description" value="Hit" />
		<put-attribute name="body" value="/WEB-INF/login/hitresponse.jsp" />
	</definition>
	
	
	<definition name="login" extends="base.definition">
		<put-attribute name="title" value="Monitoring Login" />
		<put-attribute name="description" value="Login Page" />
		<put-attribute name="body" value="/WEB-INF/login/login.jsp" />
		<put-list-attribute name="stylesheets" inherit="true">		 
			<add-attribute value="css/login.css" />
		</put-list-attribute>
	</definition>
	
	<definition name="registration" extends="inner.definition">
		<put-attribute name="title" value="Monitoring Login" />
		<put-attribute name="description" value="Login Page" />
		<put-attribute name="body" value="/WEB-INF/login/registration.jsp" />
		<put-list-attribute name="stylesheets" inherit="true">		 
			<add-attribute value="css/registration.css" />
		</put-list-attribute>
	</definition>
	
	<definition name="inner.definition" extends="base.definition">
		<put-attribute name="header" value="/WEB-INF/common/header.jsp" />
		<put-attribute name="sidebar" value="/WEB-INF/common/sidebar.jsp" />
		<put-attribute name="body" value="" />
		<put-attribute name="footer" value="/WEB-INF/common/footer.jsp" />
	</definition>
	
	<definition name="dashboard" extends="inner.definition">
		<put-attribute name="title" value="DashBoard" />
		<put-attribute name="description" value="Search" />
		<put-attribute name="keywords" value="Search" />
		<put-attribute name="body" value="/WEB-INF/admin/dashboard.jsp" />
	</definition>
	
	<definition name="search" extends="inner.definition">
		<put-attribute name="title" value="search" />
		<put-attribute name="description" value="Search" />
		<put-attribute name="keywords" value="Search" />
		<put-attribute name="body" value="/WEB-INF/admin/search.jsp" />
	</definition>
	
	<definition name="addurl" extends="inner.definition">
		<put-attribute name="title" value="Add Url" />
		<put-attribute name="description" value="Search" />
		<put-attribute name="keywords" value="Search" />
		<put-attribute name="body" value="/WEB-INF/admin/addurl.jsp" />
		<put-list-attribute name="stylesheets" inherit="true">		 
			<add-attribute value="css/addurl.css" />
		</put-list-attribute>
	</definition>
	
	<definition name="viewcanaryurl" extends="inner.definition">
		<put-attribute name="title" value="View Canary" />
		<put-attribute name="description" value="Search" />
		<put-attribute name="keywords" value="view" />
		<put-attribute name="body" value="/WEB-INF/admin/viewcanaryurl.jsp" />
		<put-list-attribute name="stylesheets" inherit="true">		 
			<add-attribute value="css/viewcanaryurl.css" />
		</put-list-attribute>
		<put-list-attribute name="javascripts" inherit="true">		 
			<add-attribute value="js/viewcanaryurl.js" />
		</put-list-attribute>
	</definition>
	
	<definition name="editcanaryurl" extends="inner.definition">
		<put-attribute name="title" value="Edit Canary" />
		<put-attribute name="description" value="Search" />
		<put-attribute name="keywords" value="edit" />
		<put-attribute name="body" value="/WEB-INF/admin/editcanaryurl.jsp" />
		<put-list-attribute name="stylesheets" inherit="true">		 
			<add-attribute value="css/editcanaryurl.css" />
		</put-list-attribute>
		<put-list-attribute name="javascripts" inherit="true">		 
			<add-attribute value="js/editcanaryurl.js" />
		</put-list-attribute>
	</definition>
	
	<definition name="addhealthcheck" extends="inner.definition">
		<put-attribute name="title" value="Add Helth Check" />
		<put-attribute name="description" value="search" />
		<put-attribute name="keywords" value="edit" />
		<put-attribute name="body" value="/WEB-INF/admin/addhealthcheck.jsp" />
		
	</definition>
	
	<definition name="viewhealthcheck" extends="inner.definition">
		<put-attribute name="title" value="View Helth Check" />
		<put-attribute name="description" value="Check" />
		<put-attribute name="keywords" value="view" />
		<put-attribute name="body" value="/WEB-INF/admin/viewhealthcheck.jsp" />
	</definition>

	<definition name="viewcurrentdata" extends="inner.definition">
		<put-attribute name="title" value="View Current Data" />
		<put-attribute name="description" value="Search" />
		<put-attribute name="keywords" value="edit" />
		<put-attribute name="body" value="/WEB-INF/history/viewcurrentdata.jsp" />
		<put-list-attribute name="stylesheets" inherit="true">	
			<add-attribute value="css/viewcurrentdata.css" />
		</put-list-attribute>
	</definition>
	
	<definition name="viewcanaryhealth" extends="inner.definition">
		<put-attribute name="title" value="View Canary Health" />
		<put-attribute name="description" value="Search" />
		<put-attribute name="keywords" value="edit" />
		<put-attribute name="body" value="/WEB-INF/history/viewcanaryhealth.jsp" />
		<put-list-attribute name="stylesheets" inherit="true">	
			<add-attribute value="css/viewcanaryhealth.css" />
		</put-list-attribute>
		<put-list-attribute name="javascripts" inherit="true">		 
			<add-attribute value="js/viewcanaryhealth.js" />
		</put-list-attribute>
	</definition>
</tiles-definitions>